{"branches": 28.492210192764723, "coverage": 42.63409478513608}