{"branches": 28.507265521796565, "coverage": 42.7147774594998}