{"branches": 28.480845442536328, "coverage": 42.69070601545387}