{"branches": 28.492210192764723, "coverage": 42.68498027518522}