{"branches": 28.876860622462786, "coverage": 43.49818694601128}