{"branches": 28.903924221921518, "coverage": 43.523368251410155}