{"branches": 28.507265521796565, "coverage": 42.78546963191664}