{"branches": 28.507265521796565, "coverage": 42.76587024133857}