{"branches": 28.480845442536328, "coverage": 42.76134883496551}